problem type,template id,text,information,label
Network Revenue Management Problem,9,"In a well-known coffee shop, there are two signature drinks (D1 and D2), each bringing in a profit of w_1 and w_2 respectively. The demand for each drink varies independently. The coffee shop's goal is to decide which customer orders to fulfill during a specific busy period [0,10] to maximize the total expected revenue, based on the available ingredients. The current inventory for these drinks is c_1 and c_2 respectively. During this period, restocking is not possible, and no additional supplies are expected. Customers interested in ordering D1 and D2 arrive at the shop according to a Poisson process, with arrival rates a_1 and a_2 respectively. The decision variables y_1 and y_2 represent the number of orders the coffee shop plans to fulfill for each of the two drinks, and these variables must be positive integers.","Profit information: w_1 = 30, w_2 = 19.8; Inventory information: c_1 = 72, c_2 = 68; Demand information: a_1 = 6, a_2 = 8.",max 30 19.8; 1 0 <= 72; 0 1 <= 68; 1 0 <= 60; 0 1 <= 80; Z+ Z+
Network Revenue Management Problem,10,"In a popular bakery, there are three specialty pastries (S1, S2, S3), each offering a profit of w_1, w_2, and w_3 respectively. The demand for each pastry is distinct and varies from customer to customer. The bakery's goal is to determine which customer orders to fulfill during a single busy morning to maximize the total revenue, based on the limited quantity of pastries available. The current stock for these pastries is c_1, c_2, and c_3 respectively. Restocking is not an option during this period, and no additional batches will be made. Customers looking to purchase P1, P2, and P3 arrive at the bakery according to a Poisson process, with arrival rates a_1, a_2, and a_3 respectively. The decision variables y_1, y_2, and y_3 represent the number of orders the bakery plans to fulfill for each of the three pastries, and these must be positive integers.","Profit information: w_1 = 20.5,w_2 = 8.8,w_3 = 29.7; Inventory information: c_1 = 48, c_2 = 71, c_3 =30; Demand information: a_1 = 31, a_2 = 80, a_3 = 29.",max 20.5 8.8 29.7; 1 0 0 <= 48; 0 1 0 <= 71; 0 0 1 <= 30; 1 0 0 <= 31; 0 1 0 <= 80; 0 0 1 <= 29; Z+ Z+ Z+
Network Revenue Management Problem,1,"There are three best-selling items (P1, P2, P3) on Amazon with the profit w_1,w_2,w_3.There is an independent demand stream for each of the products. The objective of the company is to decide which demands to be fufilled over a 铿_ite sales horizon [0,10] to maximize the total expected revenue from 铿_ed initial inventories. The on-hand inventories for the three items are c_1,c_2,c_3 respectively. During the sales horizon, replenishment is not allowed and there is no any in-transit inventories. Customers who want to purchase P1,P2,P3 arrive at each period accoring to a Poisson process with a_1,a_2,a_3 the arrival rates respectively. Decision variables y_1,y_2,y_3 correspond to the number of requests that the firm plans to fulfill for product 1,2,3. These variables are all positive integers.","Profit information: w_1 = 20,w_2 = 10,w_3 = 30; Inventory information: c_1 = 50, c_2 = 70, c_3 =30; Demand information: a_1 = 3, a_2 = 8, a_3 = 2.",max 20 10 30; 1 0 0 <= 50; 0 1 0 <= 70; 0 0 1 <= 30; 1 0 0 <= 30; 0 1 0 <= 80; 0 0 1<= 20; Z+ Z+ Z+
Network Revenue Management Problem,2,"There are three popular items (M1,M2, M3) in a local supermarket, each with a profit margin of w_1, w_2, and w_3 respectively. Each product has its own independent demand stream. The supermarket's goal is to determine which customer demands to meet over a fixed sales period [0,20] to maximize the total expected revenue based on the current stock levels. The inventory capacity for these three items is c_1, c_2, and c_3 respectively. During the sales period, restocking is not possible, and there are no goods currently being shipped. Customers who wish to buy P1, P2, and P3 arrive during each period following a Poisson process, with arrival rates of a_1, a_2, and a_3 respectively. The decision variables y_1, y_2, and y_3 represent the number of requests the supermarket plans to fulfill for products 1, 2, and 3, respectively. These decision variables must be positive integers.","Profit information: w_1 = 31,w_2 = 42,w_3 = 67; Inventory information: c_1 = 372, c_2 = 465, c_3 =892; Demand information: a_1 = 15, a_2 = 20, a_3 = 40.",max 31 42 67; 1 0 0 <= 372; 0 1 0 <= 465; 0 0 1 <= 892; 1 0 0 <= 300; 0 1 0 <= 400; 0 0 1 <= 800; Z+ Z+ Z+
Resource Allocation Problem,1,"A logistics compnay EW needs to load three types of of products, M1,M2,M3 into a fleet of delivery trucks. To be more specific, there are two trucks T1,T2. Each truck has a specific weight capacity c_1,c_2 , and each product has a predefined value v_1,v_2,v_3 and a particular weight w_1,w_2,w_3. The objective is to determine how many units of each product to load into each truck so that the total value of the products loaded across all trucks can be maximized and the total weight of the products loaded in each truck does not exceed the truck's weight capacity. The decision variables x_11, x_12, x_13, x_21, x_22, and x_23 represent the number of units of product M1,M2,M3 loaded into the truck T1,T2. For example, x_12 denotes the specific number of product M2 carried by the truck T1. ","Value information: v_1 = 10, v_2 = 20, v_3 = 8; Capacity information: c_1 = 25, c_2 = 30; Weight information: w_1 = 5, w_2 = 6, w_3 = 2.",max 10 20 8 10 20 8; 5 6 2 0 0 0 <= 25; 0 0 0 5 6 2 <= 30; Z+ Z+ Z+ Z+ Z+ Z+ 
Resource Allocation Problem,2,"A healthcare logistics company, HS, needs to distribute three types of medical supplies M1,M2, M3 to two regional medical centers R1 and R2. Each center has a specific storage capacity, denoted as c_2,c_2. Each supply type has a predefined profit p_1,p_2,p_3 and a specific weight w_1,w_2,w_3. The goal is to determine the number of units of each medical supply to be delivered to and between the centers in such a way that the total value of supplies is maximized, while ensuring that the weight of supplies at each center does not exceed its capacity. The decision variables x_11, x_12, x_13, x_21, x_22, and x_23 represent the number of units of medical supplies M1,M2,M3 distributed into the regional medical centers R1,R2. ","Profit information: p_1 = 15, p_2 = 25, p_3 = 10; Capacity information: c_1 = 200, c_2 = 250; Weight information: w_1 = 3, w_2 = 4, w_3 = 2.",max 15 25 10 15 25 10; 3 4 2 0 0 0 <= 200; 0 0 0 3 4 2 <= 250; Z+ Z+ Z+ Z+ Z+ Z+ 
Resource Allocation Problem,9,"An e-commerce company needs to allocate warehouse space for three product lines, L1, L2, and L3, across two warehouses W1 and W2. Each warehouse has a storage capacity c_1, c_2, and each product line has a value r_1, r_2, r_3 and a required space s_1, s_2, s_3. The objective is to determine how many units of each product line to store in each warehouse to maximize revenue without exceeding storage capacity. The decision variables x_11, x_12, x_13, x_21, x_22, x_23 represent the units of product lines L1, L2, and L3 stored in warehouses W1 and W2. For example, x_12 denotes the units of product line L2 stored in warehouse W1.","Revenue information: r_1 = 45, r_2 = 50, r_3 = 35; Capacity information: c_1 = 400, c_2 = 450; Space information: s_1 = 10, s_2 = 15, s_3 = 5.",max 45 50 35 45 50 35; 10 15 5 0 0 0 <= 400; 0 0 0 10 15 5 <= 450; Z+ Z+ Z+ Z+ Z+ Z+
Resource Allocation Problem,10,"A beverage company needs to allocate three different flavors of drinks, F1, F2, and F3, across two distribution centers D1 and D2. Each distribution center has a maximum storage capacity c_1, c_2, and each drink flavor has a predefined value v_1, v_2, v_3 and volume per unit v_1, v_2, v_3. The objective is to determine how many units of each flavor to store in each distribution center to maximize total profit while not exceeding the storage capacities. The decision variables x_11, x_12, x_13, x_21, x_22, x_23 represent the units of flavors F1, F2, and F3 stored in distribution centers D1 and D2. For example, x_12 denotes the number of units of flavor F2 stored in distribution center D1.","Revenue information: v_1 = 15, v_2 = 25, v_3 = 18; Capacity information: c_1 = 500, c_2 = 600; Volume per unit information: v_1 = 3, v_2 = 4, v_3 = 2.",max 15 25 18 15 25 18; 3 4 2 0 0 0 <= 500; 0 0 0 3 4 2 <= 600; Z+ Z+ Z+ Z+ Z+ Z+ 
Transportation Problem,1,"A fashion retailer needs to determine the optimal delivery for three clothing items, C1, C2, and C3, across three stores, S1, S2, and S3, to minimize their overall distribution costs while meeting demand. The demand for each item is d_1, d_2, d_3. The goal is to determine how many units of each clothing item to ship to each store to minimize the total distribution costs while satisfying the demand. The specific transportation cost can be The decision variables x_11, x_12, x_13, x_21, x_22, x_23, x_31, x_32, x_33 represent the units of clothing items C1, C2, and C3 shipped to stores S1, S2, and S3. For example, x_12 denotes the units of clothing item C2 shipped to store S1.","Demand information: d_1 = 120, d_2 = 150, d_3 = 180; Distribution cost information: t_11 = 8, t_12 = 10, t_13 = 12, t_21 = 9, t_22 = 11, t_23 = 13, t_31 = 10, t_32 = 12, t_33 = 14",min 8 10 12 9 11 13 10 12 14; 1 1 1 0 0 0 0 0 0 >= 120; 0 0 0 1 1 1 0 0 0 >= 150; 0 0 0 0 0 0 1 1 1 >= 180; Z+ Z+ Z+ Z+ Z+ Z+
Transportation Problem,2,"A furniture retailer needs to determine the optimal delivery for three furniture items, F1, F2, and F3, across three warehouses, W1, W2, and W3, to minimize their overall distribution costs while meeting demand. The demand for each item is d_1, d_2, d_3. The goal is to determine how many units of each furniture item to ship to each warehouse to minimize the total distribution costs while satisfying the demand. The decision variables x_11, x_12, x_13, x_21, x_22, x_23, x_31, x_32, x_33 represent the units of furniture items F1, F2, and F3 shipped to warehouses W1, W2, and W3. For example, x_12 denotes the units of furniture item F2 shipped to warehouse W1.","Demand information: d_1 = 100, d_2 = 200, d_3 = 150
Distribution cost information: t_11 = 7, t_12 = 9, t_13 = 11, t_21 = 8, t_22 = 10, t_23 = 12, t_31 = 9, t_32 = 11, t_33 = 13",min 7 9 11 8 10 12 9 11 13; 1 1 1 0 0 0 0 0 0 >= 100; 0 0 0 1 1 1 0 0 0 >= 200; 0 0 0 0 0 0 1 1 1 >= 150; Z+ Z+ Z+ Z+ Z+ Z+ 
Transportation Problem,9,"A toy retailer needs to determine the optimal delivery for three popular toys, T1, T2, and T3, across three stores, S1, S2, and S3, to minimize their overall distribution costs while meeting demand. The demand for each toy is d_1, d_2, d_3. The goal is to determine how many units of each toy to ship to each store to minimize the total distribution costs while satisfying the demand. The decision variables x_11, x_12, x_13, x_21, x_22, x_23, x_31, x_32, x_33 represent the units of toys T1, T2, and T3 shipped to stores S1, S2, and S3. For example, x_12 denotes the units of toy T2 shipped to store S1.","Demand information: d_1 = 70, d_2 = 90, d_3 = 80
Distribution cost information: t_11 = 9, t_12 = 11, t_13 = 13, t_21 = 10, t_22 = 12, t_23 = 14, t_31 = 11, t_32 = 13, t_33 = 15",min 9 11 13 10 12 14 11 13 15; 1 1 1 0 0 0 0 0 0 >= 70; 0 0 0 1 1 1 0 0 0 >= 90; 0 0 0 0 0 0 1 1 1 >= 80; Z+ Z+ Z+ Z+ Z+ Z+
Transportation Problem,10,"A sporting goods retailer needs to determine the optimal delivery for three types of sporting goods, S1, S2, and S3, across three stores, T1, T2, and T3, to minimize their overall distribution costs while meeting demand. The demand for each item is d_1, d_2, d_3. The goal is to determine how many units of each sporting good to ship to each store to minimize the total distribution costs while satisfying the demand. The decision variables x_11, x_12, x_13, x_21, x_22, x_23, x_31, x_32, x_33 represent the units of sporting goods S1, S2, and S3 shipped to stores T1, T2, and T3. For example, x_12 denotes the units of sporting good S2 shipped to store T1.","Demand information: d_1 = 110, d_2 = 140, d_3 = 120
Distribution cost information: t_11 = 7, t_12 = 9, t_13 = 11, t_21 = 8, t_22 = 10, t_23 = 12, t_31 = 9, t_32 = 11, t_33 = 13",min 7 9 11 8 10 12 9 11 13; 1 1 1 0 0 0 0 0 0 >= 110; 0 0 0 1 1 1 0 0 0 >= 140; 0 0 0 0 0 0 1 1 1 >= 120; Z+ Z+ Z+ Z+ Z+ Z+ 
transportation problem,9,"In a seaside town, three beverage plants (D1, D2, and D3) can supply up top_1,p_2, andp_3bottles of beverages per day, respectively. They need to supply these beverages to two bars (B1 and B2), which required_1andd_2bottles of beverages per day, respectively. The transportation costs per bottle are as follows: from D1 to B1 ist_11dollars, to B2 ist_12dollars; from D2 to B1 ist_21dollars, to B2 ist_22dollars; from D3 to B1 ist_31dollars, to B2 ist_32dollars. The beverage plants need to devise a transportation plan to minimize the total cost of transporting beverages to the bars while meeting their demands. Lety_11andy_12represent the bottles of beverages transported from beverage plant D1 to bars B1 and B2, respectively. Lety_21andy_22represent the bottles of beverages transported from beverage plant D2 to bars B1 and B2, respectively. Lety_31andy_32represent the bottles of beverages transported from beverage plant D3 to bars B1 and B2, respectively.","Production capacity: p_1 = 45, p_2 = 370, p_3 = 280; Demand: d_1 = 500, d_2 = 120; Transportation costs: t_11 = 4, t_12 = 7; t_21 = 5, t_22 = 6; t_31 = 9, t_32 = 3 ","min 4, 7, 5, 6, 9, 3; 1 1 0 0 0 0 <= 45; 0 0 1 1 0 0 <= 370; 0 0 0 0 1 1 <= 280; 1 0 1 0 1 0 = 500; 0 1 0 1 0 1 = 120; Z+ Z+ Z+ Z+ Z+ Z+"
transportation problem,10,"In a healthcare center, three suppliers (S1, S2, and S3) can supply up top_1,p_2, andp_3sets of medical equipment per day, respectively. They need to supply these equipment sets to two hospitals (H1 and H2), which required_1andd_2sets of equipment per day, respectively. The transportation costs per set are as follows: from S1 to H1 ist_11dollars, to H2 ist_12dollars; from S2 to H1 ist_21dollars, to H2 ist_22dollars; from S3 to H1 ist_31dollars, to H2 ist_32dollars. The suppliers need to devise a transportation plan to minimize the total cost of transporting equipment to the hospitals while meeting their demands. Letz_11andz_12represent the sets of equipment transported from supplier S1 to hospitals H1 and H2, respectively. Letz_21andz_22represent the sets of equipment transported from supplier S2 to hospitals H1 and H2, respectively. Letz_31andz_32represent the sets of equipment transported from supplier S3 to hospitals H1 and H2, respectively. These variables all must be positive integers.","Supply capacity: p_1 = 90, p_2 = 460, p_3 = 320; Demand: d_1 = 600, d_2 = 250; Transportation costs: t_11 = 22, t_12 = 18; t_21 = 20, t_22 = 24; t_31 = 25, t_32 = 15","min 22, 18, 20, 24, 25, 15; 1 1 0 0 0 0 <= 90; 0 0 1 1 0 0 <= 460; 0 0 0 0 1 1 <= 320; 1 0 1 0 1 0 = 600; 0 1 0 1 0 1 = 250; Z+ Z+ Z+ Z+ Z+ Z+"
transportation problem,1,"Xiao Wang runs a bakery with two workshops (W1 and W2) that can produce no more than p_1 and p_2 loaves of bread per day, respectively. He needs to distribute these loaves to three residential areas (A, B, and C) requiring d_1, d_2, and d_3 loaves, respectively. The transportation costs from the workshops to the residential areas are as follows: from W1 to A is t_11 dollars, to B is t_12 dollars, and to C is t_13 dollars; from W2 to A is t_21 dollars, to B is t_22 dollars, and to C is t_23 dollars. Xiao Wang wants to devise a transportation plan that meets the demands of each residential area, does not exceed the capacity of the workshops, and minimizes the total transportation cost. x_11 ,x_12,x_13 represent the number of breads transported from bakery W1 to residential areas A, B, and C, respectively. x_21, x_22, x_23 represent the number of breads transported from bakery W2 to residential areas A, B, and C, respectively. All decision variables are positive integer numbers.","produce information: p_1 = 187, p_2 = 522; demand information = d_1 = 982, d_2 = 606, d_3 = 952; transportation costs: t_11 = 818, t_12 = 767, t_13 = 359; t_21 = 435, t_22 = 335, t_23 = 897",min 818 767 359 435 335 897; 1 1 1 0 0 0 <= 187; 0 0 0 1 1 1 <= 522; 1 0 0 1 0 0 = 982; 0 1 0 0 1 0 = 606; 0 0 1 0 0 1 = 952; Z+ Z+ Z+ Z+ Z+ Z+
transportation problem,2,"On an island, there are two fishing grounds (F1 and F2) that catch no more than p_1 and p_2 kilograms of seafood per day, respectively. These seafood items need to be transported to three restaurants (H1, H2, and H3) with daily demands of d_1, d_2, and d_3 kilograms, respectively. The transportation costs from the fishing grounds to the restaurants (per kilogram) are as follows: from F1 to H1 is t_11 dollars, to H2 is t_12 dollars, to H3 is t_13 dollars; from F2 to H1 is t_21 dollars, to H2 is t_22 dollars, to H3 is t_23 dollars. The fishing grounds need to devise a reasonable transportation plan to minimize the total cost of transporting seafood to the restaurants without exceeding the catch capacity of each fishing ground. x_11, x_12, x_13 represent the kilograms of seafood transported from fishing ground F1 to restaurants H1, H2, and H3, respectively. x_21, x_22, x_23 represent the kilograms of seafood transported from fishing ground F2 to restaurants H1, H2, and H3, respectively. All variables are positive real numbers.","Catch capacity: p_1 = 298, p_2 = 878; Demand: d_1 = 204, d_2 = 143, d_3 = 9; Transportation costs: t_11 = 43, t_12 = 867, t_13 = 271; t_21 = 257, t_22 = 332, t_23 = 651 ",min 43 867 271 257 332 651; 1 1 1 0 0 0 <= 298; 0 0 0 1 1 1 <= 878; 1 0 0 1 0 0 = 204; 0 1 0 0 1 0 = 143; 0 0 1 0 0 1 = 9; R+ R+ R+ R+ R+ R+
transshipment problem with transshipment points,9,"Company XYZ has to get fresh groceries from two storage facilities (supply points: S1, S2) to grocery stores (demand points: G1, G2), and they__e using a couple of cool distribution hubs (transshipment points: H1, H2) to make it happen. S1 is all set to send out up to p_1 units of fresh goods every day. S2 can push out up to p_2 units daily. G1 is pretty hungry, needing at least d_1 units daily. G2 is a bit more chill, requiring just d_2 units. No worries on how much the hubs can handle; they__e got unlimited capacity. Now, about those costs: Getting goods from S1 to H1 costs t_11 dollars, and to H2 costs t_12 dollars. From S2 to H1 it__ t_21 dollars, and to H2 it__ t_22 dollars. And from the hubs to the stores: From H1 to G1 it__ gonna cost you t_31 dollars, to G2 it__ t_32 dollars. From H2 to G1 it__ a better deal at t_41 dollars, and to G2 it__ just t_42 dollars. Let x_11 and x_12 represent the units moved from S1 to H1 and H2, respectively. For S2, it__ x_21 and x_22 to H1 and H2. Then, we__l track y_11 and y_12 for the goods that make it from H1 to G1 and G2. Lastly, y_21 and y_22 will tell us about the flow from H2 to G1 and G2. Variables are all positive integers.","Supply capacity: p_1 = 165, p_2 = 280; Demand: d_1 = 770, d_2 = 160; Transportation costs: t_11 = 180, t_12 = 75; t_21 = 170, t_22 = 455; t_31 = 920, t_32 = 680; t_41 = 485, t_42 = 65.",min 180 75 170 455 920 680 485 65; 1 1 0 0 0 0 0 0 <= 300; 0 0 1 1 0 0 0 0 <= 450; 0 0 0 0 1 0 1 0 = 800; 0 0 0 0 0 1 0 1 = 250; 1 0 1 0 -1 -1 0 0 = 0; 0 1 0 1 0 0 -1 -1 = 0; Z+ Z+ Z+ Z+ Z+ Z+ Z+ Z+
transshipment problem with transshipment points,10,"A book distributor needs to shuffle a bunch of books from two warehouses (supply points: W1, W2) to libraries (demand points: L1, L2), using a pair of sorting centers (transshipment points: C1, C2). W1 has a stash of up to p_1 books per day it can send out. W2 can send out up to p_2 books daily. Library L1 needs a solid d_1 books daily. L2 requires d_2 books daily. Storage at the sorting centers has no cap. Transportation costs: From W1 to C1 is t_11 dollars, to C2 is t_12 dollars. From W2 to C1 is t_21 dollars, and to C2 it__ t_22 dollars. From the centers to the libraries: From C1 to L1, it__l cost t_31 dollars, to L2 it__ t_32 dollars. From C2 to L1, it__ t_41 dollars, to L2 it__ t_42 dollars. The strategy here is all about minimizing transportation spend while making sure those libraries get their books on time. We__l use x_11 and x_12 to track shipments from W1 to C1 and C2, and x_21 and x_22 for shipments from W2. For the books going out to the libraries, y_11 and y_12 will handle the flow from C1 to L1 and L2, and y_21 and y_22 from C2. Variables are all positive integers.","Supply capacity: p_1 = 190, p_2 = 320; Demand: d_1 = 690, d_2 = 130; Transportation costs: t_11 = 135, t_12 = 90; t_21 = 155, t_22 = 490; t_31 = 870, t_32 = 630; t_41 = 390, t_42 = 55.",min 135 90 155 490 870 630 390 55; 1 1 0 0 0 0 0 0 <= 190; 0 0 1 1 0 0 0 0 <= 320; 0 0 0 0 1 0 1 0 = 690; 0 0 0 0 0 1 0 1 = 130; 1 0 1 0 -1 -1 0 0 = 0; 0 1 0 1 0 0 -1 -1 = 0; Z+ Z+ Z+ Z+ Z+ Z+ Z+ Z+
transshipment problem with transshipment points,1,"A logistics company is responsible for transporting a certain product from two factories (supply points: F1, F2) to two retailers (demand points: R1, R2). It can also utilize two warehouses (transshipment points: T1, T2) for transfer. F1 can supply up to p_1 units of the product per day, and F2 can supply up to p_2 units per day. R1 requires at least d_1 units per day, and R2 requires at least d_2 units per day. There are no storage capacity limitations at the transshipment points. The transportation costs are as follows: from factory F1 to transshipment point T1 is t_11 dollars, to T2 is t_12 dollars; from factory F2 to transshipment point T1 is t_21 dollars, to T2 is t_22 dollars. From transshipment point T1 to retailer R1, the transportation cost is t_31 dollars, to R2 is t_32 dollars. From transshipment point T2 to retailer R1, the cost is t_41 dollars, to R2 is t_42 dollars. The goal is to minimize the total transportation cost while meeting the demands of all retailers and not exceeding the supply capacity of the factories. Let x_11 and x_12 represent the units transported from factory F1 to transshipment points T1 and T2, respectively. Let x_21 and x_22 represent the units transported from factory F2 to transshipment points T1 and T2, respectively. Let y_11 and y_12 represent the units transported from transshipment point T1 to retailers R1 and R2, respectively. Let y_21 and y_22 represent the units transported from transshipment point T2 to retailers R1 and R2, respectively. All decision variables are positive real numbers.","Supply capacity:p_1= 265,p_2= 359; Demand:d_1= 842,d_2= 116; Transportation costs:t_11= 160,t_12= 6;t_21= 118,t_22= 503;t_31= 987,t_32= 826;t_41= 555,t_42= 19.",min 160 6 118 503 987 826 555 19; 1 1 0 0 0 0 0 0 <= 265; 0 0 1 1 0 0 0 0 <= 359; 0 0 0 0 1 0 1 0 = 842; 0 0 0 0 0 1 0 1 = 116; 1 0 1 0 -1 -1 0 0 = 0; 0 1 0 1 0 0 -1 -1 = 0; R+ R+ R+ R+ R+ R+ R+ R+
transshipment problem with transshipment points,2,"A food distribution company is responsible for delivering fresh vegetables and fruits from two farms (supply points: F1, F2) to two supermarkets (demand points: R1, R2), and it can use two distribution centers (transshipment points: T1, T2) for transfer. F1 can supply up to p_1 units of products per day. F2 can supply up to p_2 units per day. R1 requires at least d_1 units of products per day. R2 requires at least d_2 units per day. There are no capacity limitations at the transshipment points. Transportation cost information is as follows: The cost from F1 to T1 is t_11 dollars, and to T2 is t_12 dollars. The cost from F2 to T1 is t_21 dollars, and to T2 is t_22 dollars. Transportation costs from the transshipment points to the retailers: From T1 to R1, the cost is t_31 dollars, and to R2 is t_32 dollars. From T2 to R1, the cost is t_41 dollars, and to R2 is t_42 dollars. The goal is to minimize the total transportation cost while meeting the demands of all retailers and not exceeding the supply capacity of the farms. Let x_11 and x_12 represent the units transported from farm F1 to transshipment points T1 and T2, respectively, and x_21 and x_22 represent the units transported from farm F2 to transshipment points T1 and T2, respectively. Let y_11 and y_12 represent the units transported from transshipment point T1 to retailers R1 and R2, respectively, and y_21 and y_22 represent the units transported from transshipment point T2 to retailers R1 and R2, respectively. All variables must be positive integers.","Supply capacity: p_1 = 180, p_2 = 270; Demand: d_1 = 420, d_2 = 230; Transportation costs: t_11 = 120, t_12 = 45; t_21 = 95, t_22 = 310; t_31 = 650, t_32 = 480; t_41 = 290, t_42 = 50.",min 120 45 95 310 650 480 290 50; 1 1 0 0 0 0 0 0 <= 180; 0 0 1 1 0 0 0 0 <= 270; 0 0 0 0 1 0 1 0 = 420; 0 0 0 0 0 1 0 1 = 230; 1 0 1 0 -1 -1 0 0 = 0; 0 1 0 1 0 0 -1 -1 = 0; Z+ Z+ Z+ Z+ Z+ Z+ Z+ Z+
transshipment problem with supply and demand in each node,1,"There are two suppliers (S1, S2) and two demanders (D1, D2). Suppliers can transfer products to each other, as can the demanders. The objective is to determine the transport quantity for each route in order to minimize the total transport costs, while meeting the demands of each demander and not exceeding the supply capacity of each supplier. The supply capacities of suppliers S1 and S2 are p_1 and p_2 units, respectively. The demand quantities for demanders D1 and D2 are d_1 and d_2 units, respectively. The transport costs (in $/unit) are as follows: The transport cost from supplier S1 to S2 is t_11 dollars, to demander D1 is t_12 dollars, and to D2 is t_13 dollars. The transport cost from supplier S2 to S1 is t_21 dollars, to demander D1 is t_22 dollars, and to D2 is t_23 dollars. The transport cost from demander D1 to S1 is t_31 dollars, to S2 is t_32 dollars, and to D2 is t_33 dollars. The transport cost from demander D2 to S1 is t_41 dollars, to S2 is t_42 dollars, and to D1 is t_43 dollars. Let x_11, x_12, x_13 represent the units transported from supplier S1 to supplier S2, to demander D1, and to demander D2, respectively. Let x_21, x_22, x_23 represent the units transported from supplier S2 to supplier S1, to demander D1, and to demander D2, respectively. Let x_31, x_32, x_33 represent the units transported from demander D1 to supplier S1, to supplier S2, and to demander D2, respectively. Let x_41, x_42, x_43 represent the units transported from demander D2 to supplier S1, to supplier S2, and to demander D1, respectively. These variables are all positive real numbers.","Supply capacity: p_1 = 495, p_2 = 415; Demand: d_1 = 419, d_2 = 465; Transportation costs: t_11 = 867, t_12 = 423, t_13 = 214; t_21 = 372, t_22 = 65, t_23 = 465; t_31 = 625, t_32 = 499, t_33 = 854; t_41 = 968, t_42 = 914, t_43 = 308.",min 867 423 214 372 65 465 625 499 854 968 914 308; 1 1 1 -1 0 0 -1 0 0 -1 0 0 <= 495; -1 0 0 1 1 1 0 -1 0 0 -1 0 <= 415; 0 1 0 0 1 0 -1 -1 -1 0 0 1 = 419; 0 0 1 0 0 1 0 0 1 -1 -1 -1 = 465; R+ R+ R+ R+ R+ R+ R+ R+ R+ R+ R+ R+
transshipment problem with supply and demand in each node,2,"There are two manufacturers (M1, M2) and two distributors (D1, D2). Manufacturers can transfer parts to each other, as can the distributors. The goal is to determine the transport quantity for each route to minimize the total transport costs, while meeting the demands of each distributor and not exceeding the production capacity of each manufacturer. The production capacities of M1 and M2 are p_1 and p_2 units, respectively. The demand quantities for distributors D1 and D2 are d_1 and d_2 units, respectively. The transport costs (in $/unit) are as follows: The transport cost from M1 to M2 is t_11 dollars, to D1 is t_12 dollars, and to D2 is t_13 dollars. The transport cost from M2 to M1 is t_21 dollars, to D1 is t_22 dollars, and to D2 is t_23 dollars. The transport cost from D1 to M1 is t_31 dollars, to M2 is t_32 dollars, and to D2 is t_33 dollars. The transport cost from D2 to M1 is t_41 dollars, to M2 is t_42 dollars, and to D1 is t_43 dollars. Let x_11, x_12, x_13 represent the units transported from M1 to M2, to D1, and to D2, respectively. Let x_21, x_22, x_23 represent the units transported from M2 to M1, to D1, and to D2, respectively. Let x_31, x_32, x_33 represent the units transported from D1 to M1, to M2, and to D2, respectively. Let x_41, x_42, x_43 represent the units transported from D2 to M1, to M2, and to D1, respectively. Variables are positive integers.","Production capacity: p_1 = 300, p_2 = 400; Demand: d_1 = 350, d_2 = 320; Transportation costs: t_11 = 100, t_12 = 150, t_13 = 200; t_21 = 110, t_22 = 160, t_23 = 210; t_31 = 120, t_32 = 170, t_33 = 220; t_41 = 130, t_42 = 180, t_43 = 230.",min 100 150 200 110 160 210 120 170 220 130 180 230; 1 1 1-1 0 0 -1 0 0 -1 0 0 <=300; -1 0 0 1 1 1 0 -1 0 0 -1 0 <= 400; 0 1 0 0 1 0 -1 -1 -1 0 0 1 = 350; 0 0 1 0 0 1 0 0 1 -1 -1 -1 = 320; Z+ Z+ Z+ Z+ Z+ Z+ Z+ Z+ Z+ Z+ Z+ Z+
transshipment problem with supply and demand in each node,9,"There are two high-end fashion warehouses (W1, W2) and two exclusive retail boutiques (B1, B2). These warehouses can interchange their designer collections to optimize variety, just as the boutiques can exchange their inventory to better cater to the eclectic tastes of their clientele. The mission here is to strategically maneuver these luxury items to reduce delivery expenses, satisfy the refined demands of each boutique, and operate within the production constraints of each warehouse. Warehouse W1 has the capacity to distribute p_1 units, while W2 can dispatch p_2 units. Boutique B1 has requisitioned d_1 units, and B2 has requested d_2 units. The transportation cost per unit is as follows: The transport cost from W1 to W2 is t_11 dollars, to B1 is t_12 dollars, and to B2 is t_13 dollars. The transport cost from W2 to W1 is t_21 dollars, to B1 is t_22 dollars, and to B2 is t_23 dollars. The transport cost from B1 to W1 is t_31 dollars, to W2 is t_32 dollars, and to B2 is t_33 dollars. The transport cost from B2 to W1 is t_41 dollars, to W2 is t_42 dollars, and to B1 is t_43 dollars. Let x_11, x_12, x_13 represent the units transported from W1 to W2, to B1, and to B2, respectively. Let x_21, x_22, x_23 represent the units transported from W2 to W1, to B1, and to B2, respectively. Let x_31, x_32, x_33 represent the units transported from B1 to W1, to W2, and to B2, respectively. Let x_41, x_42, x_43 represent the units transported from B2 to W1, to W2, and to B1, respectively. Variables are positive real numbers.","Supply capacity: p_1 = 600, p_2 = 700; Demand: d_1 = 650, d_2 = 690; Transportation costs: t_11 = 140, t_12 = 190, t_13 = 240; t_21 = 150, t_22 = 200, t_23 = 250; t_31 = 350, t_32 = 450, t_33 = 550; t_41 = 360, t_42 = 460, t_43 = 560.",min 140 190 240 150 200 250 350 450 550 360 460 560; 1 1 1-1 0 0 -1 0 0 -1 0 0 <=600; -1 0 0 1 1 1 0 -1 0 0 -1 0 <= 700; 0 1 0 0 1 0 -1 -1 -1 0 0 1 = 650; 0 0 1 0 0 1 0 0 1 -1 -1 -1 = 690; R+ R+ R+ R+ R+ R+ R+ R+ R+ R+ R+ R+
transshipment problem with supply and demand in each node,10,"Two cutting-edge tech labs (L1, L2) and two technology incubators (I1, I2) collaborate in a network where labs can exchange state-of-the-art equipment and prototypes, while incubators share resources to enhance startup development. The goal is to optimize technology flow to minimize costs, meet the resource demands of the incubators, and maintain the output capacities of the labs. Lab L1 can supply up to p_1 units, and L2 can provide p_2 units. Incubator I1 requires d_1 units, and I2 needs d_2 units. Transportation costs per unit are strategically set as follows: The transport cost from L1 to L2 is t_11 dollars, to I1 is t_12 dollars, and to I2 is t_13 dollars. The transport cost from L2 to L1 is t_21 dollars, to I1 is t_22 dollars, and to I2 is t_23 dollars. The transport cost from I1 to L1 is t_31 dollars, to L2 is t_32 dollars, and to I2 is t_33 dollars. The transport cost from I2 to L1 is t_41 dollars, to L2 is t_42 dollars, and to I1 is t_43 dollars. Let x_11, x_12, x_13 represent the units transported from L1 to L2, to I1, and to I2, respectively. Let x_21, x_22, x_23 represent the units transported from L2 to L1, to I1, and to I2, respectively. Let x_31, x_32, x_33 represent the units transported from I1 to L1, to L2, and to I2, respectively. Let x_41, x_42, x_43 represent the units transported from I2 to L1, to L2, and to I1, respectively. Variables are all positive real numbers.","Supply capacity: p_1 = 550, p_2 = 620; Demand: d_1 = 530, d_2 = 580; Transportation costs: t_11 = 180, t_12 = 280, t_13 = 330; t_21 = 190, t_22 = 290, t_23 = 340; t_31 = 400, t_32 = 500, t_33 = 600; t_41 = 410, t_42 = 510, t_43 = 610.",min 180 280 330 190 290 340 400 500 600 410 510 610; 1 1 1-1 0 0 -1 0 0 -1 0 0 <=550; -1 0 0 1 1 1 0 -1 0 0 -1 0 <= 620; 0 1 0 0 1 0 -1 -1 -1 0 0 1 = 530; 0 0 1 0 0 1 0 0 1 -1 -1 -1 = 580; R+ R+ R+ R+ R+ R+ R+ R+ R+ R+ R+ R+
assignment problem,1,"We have three engineers named Engineer A, B, and C. They need to be assigned to three different projects, which we simply call Project 1, 2, and 3. Each engineer incurs different costs to complete different projects; these costs reflect their familiarity and efficiency in completing the tasks for the projects. Engineer A incurs a cost of c_11 dollars to complete Project 1, c_12 dollars for Project 2, and c_13 dollars for Project 3. Engineer B incurs a cost of c_21 dollars for Project 1, c_22 dollars for Project 2, and c_23 dollars for Project 3. Engineer C incurs a cost of c_31 dollars for Project 1, c_32 dollars for Project 2, and c_33 dollars for Project 3. Our goal is to find an assignment method that minimizes the total cost of completing all projects. We need to allocate engineers to projects in a way that each engineer is assigned to the project where their cost is the lowest. At the same time, each project can only be assigned to one engineer, and each engineer can only work on one project at a time. Let x_11, x_12, x_13 be 1 if Projects 1, 2, and 3 are assigned to Engineer A, respectively, and 0 otherwise. Let x_21, x_22, x_23 be 1 if Projects 1, 2, and 3 are assigned to Engineer B, respectively, and 0 otherwise. Let x_31, x_32, x_33 be 1 if Projects 1, 2, and 3 are assigned to Engineer C, respectively, and 0 otherwise.","Costs: c_11 = 919, c_12 = 556, c_13 = 951; c_21 = 21, c_22 = 640, c_23 = 409; c_31 = 59, c_32 = 786, c_33 = 304.",min 919 556 951 21 640 409 59 786 304; 1 1 1 0 0 0 0 0 0 = 1; 0 0 0 1 1 1 0 0 0 = 1; 0 0 0 0 0 0 1 1 1 = 1; 1 0 0 1 0 0 1 0 0 = 1; 0 1 0 0 1 0 0 1 0 = 1; 0 0 1 0 0 1 0 0 1 = 1; B B B B B B B B B
assignment problem,2,"In a hospital, there are three specialist doctors who need to be assigned to three different departments. We call these doctors Doctor A, B, and C, and the departments are referred to as Departments 1, 2, and 3. The efficiency of each doctor working in different departments is quantified by the time needed to complete an equal amount of work, which reflects the applicability of the doctor__ expertise and experience to that particular department. Doctor A needs t_11 hours to work in Department 1, t_12 hours for Department 2, and t_13 hours for Department 3. Doctor B needs t_21 hours for Department 1, t_22 hours for Department 2, and t_23 hours for Department 3. Doctor C has an efficiency of t_31 hours for Department 1, t_32 hours for Department 2, and t_33 hours for Department 3. The hospital__ goal is to find an optimal doctor-to-department matching scheme that minimizes the total time doctors need to complete their tasks. Each department can only be managed by one doctor, and each doctor can only work in one department at a time. Let x_11, x_12, x_13 be 1 if Departments 1, 2, and 3 are assigned to Doctor A, respectively, and 0 otherwise. Let x_21, x_22, x_23 be 1 if Departments 1, 2, and 3 are assigned to Doctor B, respectively, and 0 otherwise. Let x_31, x_32, x_33 be 1 if Departments 1, 2, and 3 are assigned to Doctor C, respectively, and 0 otherwise.","Time needed: t_11 = 213, t_12 = 73, t_13 = 241; t_21 = 336, t_22 = 567, t_23 = 485; t_31 = 174, t_32 = 857, t_33 = 434.",min 213 73 241 336 567 485 174 857 434; 1 1 1 0 0 0 0 0 0 = 1; 0 0 0 1 1 1 0 0 0 = 1; 0 0 0 0 0 0 1 1 1 = 1; 1 0 0 1 0 0 1 0 0 = 1; 0 1 0 0 1 0 0 1 0 = 1; 0 0 1 0 0 1 0 0 1 = 1; B B B B B B B B B
assignment problem,9,"In the construction industry, we have three managers named Managers A, B, and C, who need to be allocated to three construction projects, named Projects 1, 2, and 3. Each manager incurs different costs for each project, based on their experience and expertise. Manager A__ costs are c_11 dollars for Project 1, c_12 dollars for Project 2, and c_13 dollars for Project 3. Manager B__ costs are c_21 dollars for Project 1, c_22 dollars for Project 2, and c_23 dollars for Project 3. Manager C__ costs are c_31 dollars for Project 1, c_32 dollars for Project 2, and c_33 dollars for Project 3. The objective is to find the optimal assignment that minimizes the total cost of completing all projects. Each manager should be assigned to the project where their cost is the lowest, ensuring each project is managed by only one manager, and each manager handles only one project. Let b_11, b_12, b_13 be 1 if Projects 1, 2, and 3 are assigned to Manager A, respectively, and 0 otherwise. Let b_21, b_22, b_23 be 1 if Projects 1, 2, and 3 are assigned to Manager B, respectively, and 0 otherwise. Lastly, let b_31, b_32, b_33 be 1 if Projects 1, 2, and 3 are assigned to Manager C, respectively, and 0 otherwise.","Costs: c_11 = 3000, c_12 = 3200, c_13 = 3100; c_21 = 2800, c_22 = 3300, c_23 = 2900; c_31 = 2900, c_32 = 3100, c_33 = 3000.",min 3000 3200 3100 2800 3300 2900 2900 3100 3000; 1 1 1 0 0 0 0 0 0 = 1; 0 0 0 1 1 1 0 0 0 = 1; 0 0 0 0 0 0 1 1 1 = 1; 1 0 0 1 0 0 1 0 0 = 1; 0 1 0 0 1 0 0 1 0 = 1; 0 0 1 0 0 1 0 0 1 = 1; B B B B B B B B B
assignment problem,10,"We have three event planners named Planners A, B, and C. They need to be assigned to three distinct events, labeled Events 1, 2, and 3. Each planner incurs different costs to manage each event, reflecting their creativity and efficiency. Planner A__ costs are c_11 dollars for Event 1, c_12 dollars for Event 2, and c_13 dollars for Event 3. Planner B__ costs are c_21 dollars for Event 1, c_22 dollars for Event 2, and c_23 dollars for Event 3. Planner C__ costs are c_31 dollars for Event 1, c_32 dollars for Event 2, and c_33 dollars for Event 3. Our goal is to assign planners to events in a way that minimizes the total cost, ensuring each event is assigned to only one planner, and each planner handles only one event. Let c_11, c_12, c_13 be 1 if Events 1, 2, and 3 are assigned to Planner A, respectively, and 0 otherwise. Let c_21, c_22, c_23 be 1 if Events 1, 2, and 3 are assigned to Planner B, respectively, and 0 otherwise. Let c_31, c_32, c_33 be 1 if Events 1, 2, and 3 are assigned to Planner C, respectively, and 0 otherwise.","Costs: c_11 = 1500, c_12 = 1700, c_13 = 1600; c_21 = 1400, c_22 = 1800, c_23 = 1500; c_31 = 1300, c_32 = 1600, c_33 = 1700.",min 1500 1700 1600 1400 1800 1500 1300 1600 1700; 1 1 1 0 0 0 0 0 0 = 1; 0 0 0 1 1 1 0 0 0 = 1; 0 0 0 0 0 0 1 1 1 = 1; 1 0 0 1 0 0 1 0 0 = 1; 0 1 0 0 1 0 0 1 0 = 1; 0 0 1 0 0 1 0 0 1 = 1; B B B B B B B B B